question,answer
What is the name of the company?,The company name is TechInnovate Solutions.
When was TechInnovate Solutions founded?,TechInnovate Solutions was founded in 2015.
Where is the headquarters of TechInnovate Solutions?,"The headquarters of TechInnovate Solutions is located in San Francisco, California."
Who is the CEO of TechInnovate Solutions?,The CEO of TechInnovate Solutions is Dr. Alex Morgan.
How many employees does TechInnovate Solutions have?,TechInnovate Solutions has approximately 250 employees.
What products does TechInnovate Solutions offer?,"TechInnovate Solutions offers several products including: DataSync Pro - A cloud-based data synchronization platform, AI Assistant - An enterprise AI chatbot solution, SecureConnect - An end-to-end encrypted communication tool."
What is the mission of TechInnovate Solutions?,The mission of TechInnovate Solutions is: To leverage cutting-edge technology to solve complex business challenges while promoting sustainability.
What are the core values of TechInnovate Solutions?,"The core values of TechInnovate Solutions are: Innovation, Integrity, Collaboration, Sustainability."
What was the revenue of TechInnovate Solutions in 2023?,The revenue of TechInnovate Solutions in 2023 was $45 million (2023).
Who are the main competitors of TechInnovate Solutions?,"The main competitors of TechInnovate Solutions are: DataTech Inc., CloudWave Systems, Nexus AI."
What is the recent news about TechInnovate Solutions?,TechInnovate Solutions recently secured $30 million in Series B funding led by Venture Capital Partners.
What is DataSync Pro?,"DataSync Pro is A cloud-based data synchronization platform, developed by TechInnovate Solutions."
What is AI Assistant?,"AI Assistant is An enterprise AI chatbot solution, developed by TechInnovate Solutions."
What is SecureConnect?,"SecureConnect is An end-to-end encrypted communication tool, developed by TechInnovate Solutions."
Can you tell me about TechInnovate Solutions and its products?,"TechInnovate Solutions is a company founded in 2015 with headquarters in San Francisco, California. They offer products including DataSync Pro, AI Assistant, SecureConnect."
Who is the CEO of TechInnovate Solutions and when was it founded?,The CEO of TechInnovate Solutions is Dr. Alex Morgan and the company was founded in 2015.
Tell me about TechInnovate Solutions,"TechInnovate Solutions is a technology company founded in 2015 with headquarters in San Francisco, California. Led by CEO Dr. Alex Morgan, the company has approximately 250 employees and offers various products including DataSync Pro, AI Assistant, SecureConnect."
What does TechInnovate Solutions do?,"TechInnovate Solutions develops and provides technology solutions including DataSync Pro, AI Assistant, SecureConnect. Their mission is to to leverage cutting-edge technology to solve complex business challenges while promoting sustainability."
How big is TechInnovate Solutions?,TechInnovate Solutions has approximately 250 employees and reported revenue of $45 million (2023) in 2023.
What was TechInnovate Solutions's revenue in 2018?,I don't have information about TechInnovate Solutions's revenue in 2018.
Who was the previous CEO of TechInnovate Solutions?,I don't have information about previous leadership at TechInnovate Solutions.
How much does DataSync Pro cost?,I don't have specific pricing information for DataSync Pro.
